<?xml version="1.0" encoding="UTF-8" standalone="no"?>
<!--- - - - - - - - - - - - - - - - - - - - - - - - - - - -loading staging data into target table - - - - - - - - - - - - - - - - - - - - - - - - -  set tez.job.name=staging:tms_comb_lane_master :load target table from tms_comb_lane_master_tmp1;
--><SnowBlocks>
<SnowBlock id="1">
<Step id="-----------------------_1">
<Print><![CDATA[started loading into scct_db.tms_comb_lane_master;]]></Print>
<Comment><![CDATA[------------------------- ---loading staging data into target table -------------------------  set tez.job.name=staging:tms_comb_lane_master :load target table from tms_comb_lane_master_tmp1;]]></Comment>
<Sql><![CDATA[INSERT
  OVERWRITE INTO SCCT_DB.TMS_COMB_LANE_MASTER (
    SELECT
      COMPANY_ID,
      LANE_ID,
      ORIGIN_SEARCH_LOCATION,
      DESTINATION_SEARCH_LOCATION,
      LANE_UNIQUE_ID,
      LANE_IS_RATING,
      LANE_IS_ROUTING,
      LANE_IS_SAILING,
      LANE_CREATED_DTTM,
      LANE_UPDATED_DTTM,
      LANE_HIERARCHY,
      ORIGIN_LOCATION_TYPE,
      ORIGIN_FALCILITY_ID,
      ORIGIN_FACILITY_ALIAS_ID,
      ORIGIN_CITY,
      ORIGIN_STATE,
      ORIGIN_POSTAL_CD,
      ORIGIN_COUNTRY_CD,
      DESTINATION_LOCATION_TYPE,
      DESTINATION_FACILITY_ID,
      DESTINATION_FACILITY_ALIAS_ID,
      DESTINATION_CITY,
      DESTINATION_STATE,
      DESTINATION_POSTAL_CD,
      DESTINATION_COUNTRY_CD,
      FREQUENCY,
      ORIGIN_ZONE_ID,
      DESTINATION_ZONE_ID,
      LANE_NAME,
      LANE_DETAIL_SEQUENCE,
      LANE_DETAIL_STATUS,
      LANE_DETAIL_IS_RATING,
      LANE_DETAIL_IS_ROUTING,
      LANE_DETAIL_IS_SAILING,
      IS_BUDGETED,
      IS_PREFERRED,
      LANE_DETAIL_LAST_UPDATED_DTTM,
      EFFECTIVE_DT,
      EXPIRATION_DT,
      PEAK_CAPACITY,
      WEEKLY_CAPACITY,
      DAILY_CAPACITY,
      CAPACITY_SUN,
      CAPACITY_MON,
      CAPACITY_TUE,
      CAPACITY_WED,
      CAPACITY_THU,
      CAPACITY_FRI,
      CAPACITY_SAT,
      WEEKLY_COMMITMENT,
      DAILY_COMMITMENT,
      COMMITMENT_SUN,
      COMMITMENT_MON,
      COMMITMENT_TUE,
      COMMITMENT_WED,
      COMMITMENT_THU,
      COMMITMENT_FRI,
      COMMITMENT_SAT,
      WEEKLY_COMMITMENT_PERCENT,
      DAILY_COMMITMENT_PERCENT,
      COMMITMENT_PERCENT_SUN,
      COMMITMENT_PERCENT_MON,
      COMMITMENT_PERCENT_TUE,
      COMMITMENT_PERCENT_WED,
      COMMITMENT_PERCENT_THU,
      COMMITMENT_PERCENT_FRI,
      COMMITMENT_PERCENT_SAT,
      2017 AS _NON_PEAK_AWARDS,
      MONTLY_CAPACITY,
      YEARLY_CAPACITY,
      MONTLY_COMMITMENT,
      YEARLY_COMMITMENT,
      MONTLY_COMMITMENT_PERCENT,
      YEARLY_COMMITMENT_PERCENT,
      CARRIER_ID,
      EQUIPMENT_ID,
      MOT_ID,
      PROTECTION_LEVEL_ID,
      SERVICE_LEVEL_ID,
      NO_RATING,
      CONTRACT_NUMBER,
      RATE,
      CURRENCY_CD,
      RATE_CALC_METHOD,
      RATE_UOM,
      MINIMUM_RATE,
      MILEAGEFROM SCCT_WORK_DB.TMS_COMB_LANE_MASTER_TMP1
  );]]></Sql>
<Condition action="exit" if="ERRORCODE != 0" value="ERRORCODE"/>
<Print><![CDATA[started loading into scct_db.tms_comb_lane_master;]]></Print>
<Comment><![CDATA[------------------------- ---loading staging data into target table -------------------------  set tez.job.name=staging:tms_comb_lane_master :load target table from tms_comb_lane_master_tmp1;]]></Comment>
</Step>
</SnowBlock>
<SnowBlock id="2">
<Step id="-----------------------_2">
<Sql><![CDATA[INSERT
  OVERWRITE INTO SCCT_DB.TMS_COMB_LANE_MASTER (
    SELECT
      COMPANY_ID,
      LANE_ID,
      ORIGIN_SEARCH_LOCATION,
      DESTINATION_SEARCH_LOCATION,
      LANE_UNIQUE_ID,
      LANE_IS_RATING,
      LANE_IS_ROUTING,
      LANE_IS_SAILING,
      LANE_CREATED_DTTM,
      LANE_UPDATED_DTTM,
      LANE_HIERARCHY,
      ORIGIN_LOCATION_TYPE,
      ORIGIN_FALCILITY_ID,
      ORIGIN_FACILITY_ALIAS_ID,
      ORIGIN_CITY,
      ORIGIN_STATE,
      ORIGIN_POSTAL_CD,
      ORIGIN_COUNTRY_CD,
      DESTINATION_LOCATION_TYPE,
      DESTINATION_FACILITY_ID,
      DESTINATION_FACILITY_ALIAS_ID,
      DESTINATION_CITY,
      DESTINATION_STATE,
      DESTINATION_POSTAL_CD,
      DESTINATION_COUNTRY_CD,
      FREQUENCY,
      ORIGIN_ZONE_ID,
      DESTINATION_ZONE_ID,
      LANE_NAME,
      LANE_DETAIL_SEQUENCE,
      LANE_DETAIL_STATUS,
      LANE_DETAIL_IS_RATING,
      LANE_DETAIL_IS_ROUTING,
      LANE_DETAIL_IS_SAILING,
      IS_BUDGETED,
      IS_PREFERRED,
      LANE_DETAIL_LAST_UPDATED_DTTM,
      EFFECTIVE_DT,
      EXPIRATION_DT,
      PEAK_CAPACITY,
      WEEKLY_CAPACITY,
      DAILY_CAPACITY,
      CAPACITY_SUN,
      CAPACITY_MON,
      CAPACITY_TUE,
      CAPACITY_WED,
      CAPACITY_THU,
      CAPACITY_FRI,
      CAPACITY_SAT,
      WEEKLY_COMMITMENT,
      DAILY_COMMITMENT,
      COMMITMENT_SUN,
      COMMITMENT_MON,
      COMMITMENT_TUE,
      COMMITMENT_WED,
      COMMITMENT_THU,
      COMMITMENT_FRI,
      COMMITMENT_SAT,
      WEEKLY_COMMITMENT_PERCENT,
      DAILY_COMMITMENT_PERCENT,
      COMMITMENT_PERCENT_SUN,
      COMMITMENT_PERCENT_MON,
      COMMITMENT_PERCENT_TUE,
      COMMITMENT_PERCENT_WED,
      COMMITMENT_PERCENT_THU,
      COMMITMENT_PERCENT_FRI,
      COMMITMENT_PERCENT_SAT,
      2017 AS _NON_PEAK_AWARDS,
      MONTLY_CAPACITY,
      YEARLY_CAPACITY,
      MONTLY_COMMITMENT,
      YEARLY_COMMITMENT,
      MONTLY_COMMITMENT_PERCENT,
      YEARLY_COMMITMENT_PERCENT,
      CARRIER_ID,
      EQUIPMENT_ID,
      MOT_ID,
      PROTECTION_LEVEL_ID,
      SERVICE_LEVEL_ID,
      NO_RATING,
      CONTRACT_NUMBER,
      RATE,
      CURRENCY_CD,
      RATE_CALC_METHOD,
      RATE_UOM,
      MINIMUM_RATE,
      MILEAGEFROM SCCT_WORK_DB.TMS_COMB_LANE_MASTER_TMP1
  );]]></Sql>
<Condition action="exit" if="ERRORCODE != 0" value="ERRORCODE"/>
</Step>
<Step id="-----------------------_3"><![CDATA[end script]]></Step>
</SnowBlock>
</SnowBlocks>
