<?xml version="1.0" encoding="UTF-8" standalone="no"?>
<!----><SnowBlocks>
<SnowBlock id="1">
<Step id="po_so_dd_hu_details_1">
<Print><![CDATA[completed po_so_dd_hu_details data load;]]></Print>
<Print><![CDATA[completed po_so_dd_hu_details data load;]]></Print>
<Print><![CDATA[completed po_so_dd_hu_details data load;]]></Print>
<Print><![CDATA[completed po_so_dd_hu_details data load;]]></Print>
<Print><![CDATA[completed po_so_dd_hu_details data load;]]></Print>
<Print><![CDATA[completed po_so_dd_hu_details data load;]]></Print>
<Print><![CDATA[completed po_so_dd_hu_details data load;]]></Print>
<Print><![CDATA[completed po_so_dd_hu_details data load;]]></Print>
<Print><![CDATA[completed po_so_dd_hu_details data load;]]></Print>
<Print><![CDATA[completed po_so_dd_hu_details data load;]]></Print>
<Print><![CDATA[completed po_so_dd_hu_details data load;]]></Print>
<Print><![CDATA[completed po_so_dd_hu_details data load;]]></Print>
<Print><![CDATA[completed po_so_dd_hu_details data load;]]></Print>
<Print><![CDATA[completed po_so_dd_hu_details data load;]]></Print>
<Sql><![CDATA[INSERT
  OVERWRITE INTO SCCT_DB.PO_SO_DD_HU_KPI_DETAILS(
    SELECT
      DTL.SPPLY_CHN_ND,
      DTL.FROM_NODE,
      DTL.PO_PURCH_ORD_NBR,
      DTL.PO_PURCH_ORD_ITM_NBR,
      DTL.PO_ITM_NBR,
      COALESCE(KPI.PO_FRST_SHP_DT, '9999-12-31'),
      COALESCE(KPI.PO_LST_SHP_DT, '9999-12-31'),
      COALESCE(KPI.PO_TOT_SHP_UNITS, 0),
      COALESCE(KPI.PO_ONTM_TO_SHP_PLN_DT_PCT, 0),
      COALESCE(KPI.PO_ONTM_TO_SHP_PLN_DT_AND_CMPLT_PCT, 0),
      COALESCE(KPI.PO_ONTM_TO_SHP_STAT_DT_PCT, 0),
      COALESCE(KPI.PO_ONTM_TO_SHP_STAT_DT_AND_CMPLT_PCT, 0),
      COALESCE(KPI.PO_CRT_TO_FRST_SPMT_DAYS, 0),
      COALESCE(KPI.PO_CRT_TO_LST_SPMT_DAYS, 0),
      COALESCE(KPI.PO_FRST_RCPT_DT, '9999-12-31'),
      COALESCE(KPI.PO_LST_RCPT_DT, '9999-12-31'),
      COALESCE(KPI.PO_TOT_RCPT_UNITS, 0),
      COALESCE(KPI.PO_ONTM_TO_RCPT_PLN_DT_PCT, 0),
      COALESCE(KPI.PO_ONTM_TO_RCPT_PLN_DT_AND_CMPLT_PCT, 0),
      COALESCE(KPI.PO_ONTM_TO_RCPT_STAT_DT_PCT, 0),
      COALESCE(KPI.PO_ONTM_TO_RCPT_STAT_DT_AND_CMPLT_PCT, 0),
      COALESCE(KPI.PO_NBR_OF_SPMTS, 0),
      COALESCE(KPI.PO_SPMT_INSTNCS, 'n/a'),
      COALESCE(KPI.PO_NBR_OF_RCPT, 0),
      COALESCE(KPI.PO_RCPT_INSTNCS, 'n/a'),
      COALESCE(KPI.PO_FRST_SPMT_TO_FRST_RCPT_DAYS, 0),
      COALESCE(KPI.PO_FRST_SPMT_TO_LST_RCPT_DAYS, 0),
      COALESCE(KPI.PO_LST_SPMT_TO_FRST_RCPT_DAYS, 0),
      COALESCE(KPI.PO_LST_SPMT_TO_LST_RCPT_DAYS, 0),
      COALESCE(KPI.PO_CRT_TO_FRST_RCPT_DAYS, 0),
      COALESCE(KPI.PO_CRT_TO_LST_RCPT_DAYS, 0),
      COALESCE(KPI.PO_CRTN_TOT_CNT, 0),
      COALESCE(KPI.PO_CRTN_TOT_PCKD_UNITS, 0),
      COALESCE(KPI.PO_CRTN_FRST_SPMT_DT, '9999-12-31'),
      COALESCE(KPI.PO_CRTN_FRST_RCPT_DT, '9999-12-31'),
      COALESCE(KPI.PO_CRTN_LST_SPMT_DT, '9999-12-31'),
      COALESCE(KPI.PO_CRTN_LST_RCPT_DT, '9999-12-31'),
      '9999-12-31',
      '9999-12-31',
      0,
      0,
      0,
      COALESCE(DTL.PO_DEL_IND, 'n/a'),
      COALESCE(DTL.PO_CO_CD, 'n/a'),
      COALESCE(DTL.PO_LOC_NBR, 'n/a'),
      COALESCE(DTL.PO_PURCH_ORD_QTY, 0.000),
      COALESCE(DTL.PO_PURCH_ORD_QTY_UOM, 'n/a'),
      COALESCE(DTL.PO_ORD_UNT_NMRTR_CONVN_NBR, 0),
      COALESCE(DTL.PO_BASE_UNT_NMRTR_CONVN_NBR, 0),
      COALESCE(DTL.PO_NET_ORD_VAL_CURCY, 0.00),
      COALESCE(DTL.PO_DELV_COMPLN_IND, 'n/a'),
      COALESCE(DTL.PO_BASE_UOM_CD, 'n/a')
  );]]></Sql>
<Condition action="exit" if="ERRORCODE != 0" value="ERRORCODE"/>
<Print><![CDATA[completed po_so_dd_hu_details data load;]]></Print>
<Print><![CDATA[completed po_so_dd_hu_details data load;]]></Print>
<Print><![CDATA[completed po_so_dd_hu_details data load;]]></Print>
<Print><![CDATA[completed po_so_dd_hu_details data load;]]></Print>
<Print><![CDATA[completed po_so_dd_hu_details data load;]]></Print>
<Print><![CDATA[completed po_so_dd_hu_details data load;]]></Print>
<Print><![CDATA[completed po_so_dd_hu_details data load;]]></Print>
<Print><![CDATA[completed po_so_dd_hu_details data load;]]></Print>
<Print><![CDATA[completed po_so_dd_hu_details data load;]]></Print>
<Print><![CDATA[completed po_so_dd_hu_details data load;]]></Print>
<Print><![CDATA[completed po_so_dd_hu_details data load;]]></Print>
<Print><![CDATA[completed po_so_dd_hu_details data load;]]></Print>
<Print><![CDATA[completed po_so_dd_hu_details data load;]]></Print>
<Print><![CDATA[completed po_so_dd_hu_details data load;]]></Print>
</Step>
</SnowBlock>
<SnowBlock id="2">
<Step id="po_so_dd_hu_details_2">
<Sql><![CDATA[INSERT
  OVERWRITE INTO SCCT_DB.PO_SO_DD_HU_KPI_DETAILS(
    SELECT
      DTL.SPPLY_CHN_ND,
      DTL.FROM_NODE,
      DTL.PO_PURCH_ORD_NBR,
      DTL.PO_PURCH_ORD_ITM_NBR,
      DTL.PO_ITM_NBR,
      COALESCE(KPI.PO_FRST_SHP_DT, '9999-12-31'),
      COALESCE(KPI.PO_LST_SHP_DT, '9999-12-31'),
      COALESCE(KPI.PO_TOT_SHP_UNITS, 0),
      COALESCE(KPI.PO_ONTM_TO_SHP_PLN_DT_PCT, 0),
      COALESCE(KPI.PO_ONTM_TO_SHP_PLN_DT_AND_CMPLT_PCT, 0),
      COALESCE(KPI.PO_ONTM_TO_SHP_STAT_DT_PCT, 0),
      COALESCE(KPI.PO_ONTM_TO_SHP_STAT_DT_AND_CMPLT_PCT, 0),
      COALESCE(KPI.PO_CRT_TO_FRST_SPMT_DAYS, 0),
      COALESCE(KPI.PO_CRT_TO_LST_SPMT_DAYS, 0),
      COALESCE(KPI.PO_FRST_RCPT_DT, '9999-12-31'),
      COALESCE(KPI.PO_LST_RCPT_DT, '9999-12-31'),
      COALESCE(KPI.PO_TOT_RCPT_UNITS, 0),
      COALESCE(KPI.PO_ONTM_TO_RCPT_PLN_DT_PCT, 0),
      COALESCE(KPI.PO_ONTM_TO_RCPT_PLN_DT_AND_CMPLT_PCT, 0),
      COALESCE(KPI.PO_ONTM_TO_RCPT_STAT_DT_PCT, 0),
      COALESCE(KPI.PO_ONTM_TO_RCPT_STAT_DT_AND_CMPLT_PCT, 0),
      COALESCE(KPI.PO_NBR_OF_SPMTS, 0),
      COALESCE(KPI.PO_SPMT_INSTNCS, 'n/a'),
      COALESCE(KPI.PO_NBR_OF_RCPT, 0),
      COALESCE(KPI.PO_RCPT_INSTNCS, 'n/a'),
      COALESCE(KPI.PO_FRST_SPMT_TO_FRST_RCPT_DAYS, 0),
      COALESCE(KPI.PO_FRST_SPMT_TO_LST_RCPT_DAYS, 0),
      COALESCE(KPI.PO_LST_SPMT_TO_FRST_RCPT_DAYS, 0),
      COALESCE(KPI.PO_LST_SPMT_TO_LST_RCPT_DAYS, 0),
      COALESCE(KPI.PO_CRT_TO_FRST_RCPT_DAYS, 0),
      COALESCE(KPI.PO_CRT_TO_LST_RCPT_DAYS, 0),
      COALESCE(KPI.PO_CRTN_TOT_CNT, 0),
      COALESCE(KPI.PO_CRTN_TOT_PCKD_UNITS, 0),
      COALESCE(KPI.PO_CRTN_FRST_SPMT_DT, '9999-12-31'),
      COALESCE(KPI.PO_CRTN_FRST_RCPT_DT, '9999-12-31'),
      COALESCE(KPI.PO_CRTN_LST_SPMT_DT, '9999-12-31'),
      COALESCE(KPI.PO_CRTN_LST_RCPT_DT, '9999-12-31'),
      '9999-12-31',
      '9999-12-31',
      0,
      0,
      0,
      COALESCE(DTL.PO_DEL_IND, 'n/a'),
      COALESCE(DTL.PO_CO_CD, 'n/a'),
      COALESCE(DTL.PO_LOC_NBR, 'n/a'),
      COALESCE(DTL.PO_PURCH_ORD_QTY, 0.000),
      COALESCE(DTL.PO_PURCH_ORD_QTY_UOM, 'n/a'),
      COALESCE(DTL.PO_ORD_UNT_NMRTR_CONVN_NBR, 0),
      COALESCE(DTL.PO_BASE_UNT_NMRTR_CONVN_NBR, 0),
      COALESCE(DTL.PO_NET_ORD_VAL_CURCY, 0.00),
      COALESCE(DTL.PO_DELV_COMPLN_IND, 'n/a'),
      COALESCE(DTL.PO_BASE_UOM_CD, 'n/a')
  );]]></Sql>
<Condition action="exit" if="ERRORCODE != 0" value="ERRORCODE"/>
<Print><![CDATA[completed po_so_dd_hu_details data load;]]></Print>
<Print><![CDATA[completed po_so_dd_hu_details data load;]]></Print>
<Print><![CDATA[completed po_so_dd_hu_details data load;]]></Print>
<Print><![CDATA[completed po_so_dd_hu_details data load;]]></Print>
<Print><![CDATA[completed po_so_dd_hu_details data load;]]></Print>
<Print><![CDATA[completed po_so_dd_hu_details data load;]]></Print>
<Print><![CDATA[completed po_so_dd_hu_details data load;]]></Print>
<Print><![CDATA[completed po_so_dd_hu_details data load;]]></Print>
<Print><![CDATA[completed po_so_dd_hu_details data load;]]></Print>
<Print><![CDATA[completed po_so_dd_hu_details data load;]]></Print>
<Print><![CDATA[completed po_so_dd_hu_details data load;]]></Print>
<Print><![CDATA[completed po_so_dd_hu_details data load;]]></Print>
<Print><![CDATA[completed po_so_dd_hu_details data load;]]></Print>
<Print><![CDATA[completed po_so_dd_hu_details data load;]]></Print>
</Step>
</SnowBlock>
<SnowBlock id="3">
<Step id="po_so_dd_hu_details_3">
<Sql><![CDATA[INSERT
  OVERWRITE INTO SCCT_DB.PO_SO_DD_HU_KPI_DETAILS(
    SELECT
      DTL.SPPLY_CHN_ND,
      DTL.FROM_NODE,
      DTL.PO_PURCH_ORD_NBR,
      DTL.PO_PURCH_ORD_ITM_NBR,
      DTL.PO_ITM_NBR,
      COALESCE(KPI.PO_FRST_SHP_DT, '9999-12-31'),
      COALESCE(KPI.PO_LST_SHP_DT, '9999-12-31'),
      COALESCE(KPI.PO_TOT_SHP_UNITS, 0),
      COALESCE(KPI.PO_ONTM_TO_SHP_PLN_DT_PCT, 0),
      COALESCE(KPI.PO_ONTM_TO_SHP_PLN_DT_AND_CMPLT_PCT, 0),
      COALESCE(KPI.PO_ONTM_TO_SHP_STAT_DT_PCT, 0),
      COALESCE(KPI.PO_ONTM_TO_SHP_STAT_DT_AND_CMPLT_PCT, 0),
      COALESCE(KPI.PO_CRT_TO_FRST_SPMT_DAYS, 0),
      COALESCE(KPI.PO_CRT_TO_LST_SPMT_DAYS, 0),
      COALESCE(KPI.PO_FRST_RCPT_DT, '9999-12-31'),
      COALESCE(KPI.PO_LST_RCPT_DT, '9999-12-31'),
      COALESCE(KPI.PO_TOT_RCPT_UNITS, 0),
      COALESCE(KPI.PO_ONTM_TO_RCPT_PLN_DT_PCT, 0),
      COALESCE(KPI.PO_ONTM_TO_RCPT_PLN_DT_AND_CMPLT_PCT, 0),
      COALESCE(KPI.PO_ONTM_TO_RCPT_STAT_DT_PCT, 0),
      COALESCE(KPI.PO_ONTM_TO_RCPT_STAT_DT_AND_CMPLT_PCT, 0),
      COALESCE(KPI.PO_NBR_OF_SPMTS, 0),
      COALESCE(KPI.PO_SPMT_INSTNCS, 'n/a'),
      COALESCE(KPI.PO_NBR_OF_RCPT, 0),
      COALESCE(KPI.PO_RCPT_INSTNCS, 'n/a'),
      COALESCE(KPI.PO_FRST_SPMT_TO_FRST_RCPT_DAYS, 0),
      COALESCE(KPI.PO_FRST_SPMT_TO_LST_RCPT_DAYS, 0),
      COALESCE(KPI.PO_LST_SPMT_TO_FRST_RCPT_DAYS, 0),
      COALESCE(KPI.PO_LST_SPMT_TO_LST_RCPT_DAYS, 0),
      COALESCE(KPI.PO_CRT_TO_FRST_RCPT_DAYS, 0),
      COALESCE(KPI.PO_CRT_TO_LST_RCPT_DAYS, 0),
      COALESCE(KPI.PO_CRTN_TOT_CNT, 0),
      COALESCE(KPI.PO_CRTN_TOT_PCKD_UNITS, 0),
      COALESCE(KPI.PO_CRTN_FRST_SPMT_DT, '9999-12-31'),
      COALESCE(KPI.PO_CRTN_FRST_RCPT_DT, '9999-12-31'),
      COALESCE(KPI.PO_CRTN_LST_SPMT_DT, '9999-12-31'),
      COALESCE(KPI.PO_CRTN_LST_RCPT_DT, '9999-12-31'),
      '9999-12-31',
      '9999-12-31',
      0,
      0,
      0,
      COALESCE(DTL.PO_DEL_IND, 'n/a'),
      COALESCE(DTL.PO_CO_CD, 'n/a'),
      COALESCE(DTL.PO_LOC_NBR, 'n/a'),
      COALESCE(DTL.PO_PURCH_ORD_QTY, 0.000),
      COALESCE(DTL.PO_PURCH_ORD_QTY_UOM, 'n/a'),
      COALESCE(DTL.PO_ORD_UNT_NMRTR_CONVN_NBR, 0),
      COALESCE(DTL.PO_BASE_UNT_NMRTR_CONVN_NBR, 0),
      COALESCE(DTL.PO_NET_ORD_VAL_CURCY, 0.00),
      COALESCE(DTL.PO_DELV_COMPLN_IND, 'n/a'),
      COALESCE(DTL.PO_BASE_UOM_CD, 'n/a')
  );]]></Sql>
<Condition action="exit" if="ERRORCODE != 0" value="ERRORCODE"/>
<Print><![CDATA[completed po_so_dd_hu_details data load;]]></Print>
<Print><![CDATA[completed po_so_dd_hu_details data load;]]></Print>
<Print><![CDATA[completed po_so_dd_hu_details data load;]]></Print>
<Print><![CDATA[completed po_so_dd_hu_details data load;]]></Print>
<Print><![CDATA[completed po_so_dd_hu_details data load;]]></Print>
<Print><![CDATA[completed po_so_dd_hu_details data load;]]></Print>
<Print><![CDATA[completed po_so_dd_hu_details data load;]]></Print>
<Print><![CDATA[completed po_so_dd_hu_details data load;]]></Print>
<Print><![CDATA[completed po_so_dd_hu_details data load;]]></Print>
<Print><![CDATA[completed po_so_dd_hu_details data load;]]></Print>
<Print><![CDATA[completed po_so_dd_hu_details data load;]]></Print>
<Print><![CDATA[completed po_so_dd_hu_details data load;]]></Print>
<Print><![CDATA[completed po_so_dd_hu_details data load;]]></Print>
<Print><![CDATA[completed po_so_dd_hu_details data load;]]></Print>
</Step>
</SnowBlock>
<SnowBlock id="4">
<Step id="po_so_dd_hu_details_4">
<Sql><![CDATA[INSERT
  OVERWRITE INTO SCCT_DB.PO_SO_DD_HU_KPI_DETAILS(
    SELECT
      DTL.SPPLY_CHN_ND,
      DTL.FROM_NODE,
      DTL.PO_PURCH_ORD_NBR,
      DTL.PO_PURCH_ORD_ITM_NBR,
      DTL.PO_ITM_NBR,
      COALESCE(KPI.PO_FRST_SHP_DT, '9999-12-31'),
      COALESCE(KPI.PO_LST_SHP_DT, '9999-12-31'),
      COALESCE(KPI.PO_TOT_SHP_UNITS, 0),
      COALESCE(KPI.PO_ONTM_TO_SHP_PLN_DT_PCT, 0),
      COALESCE(KPI.PO_ONTM_TO_SHP_PLN_DT_AND_CMPLT_PCT, 0),
      COALESCE(KPI.PO_ONTM_TO_SHP_STAT_DT_PCT, 0),
      COALESCE(KPI.PO_ONTM_TO_SHP_STAT_DT_AND_CMPLT_PCT, 0),
      COALESCE(KPI.PO_CRT_TO_FRST_SPMT_DAYS, 0),
      COALESCE(KPI.PO_CRT_TO_LST_SPMT_DAYS, 0),
      COALESCE(KPI.PO_FRST_RCPT_DT, '9999-12-31'),
      COALESCE(KPI.PO_LST_RCPT_DT, '9999-12-31'),
      COALESCE(KPI.PO_TOT_RCPT_UNITS, 0),
      COALESCE(KPI.PO_ONTM_TO_RCPT_PLN_DT_PCT, 0),
      COALESCE(KPI.PO_ONTM_TO_RCPT_PLN_DT_AND_CMPLT_PCT, 0),
      COALESCE(KPI.PO_ONTM_TO_RCPT_STAT_DT_PCT, 0),
      COALESCE(KPI.PO_ONTM_TO_RCPT_STAT_DT_AND_CMPLT_PCT, 0),
      COALESCE(KPI.PO_NBR_OF_SPMTS, 0),
      COALESCE(KPI.PO_SPMT_INSTNCS, 'n/a'),
      COALESCE(KPI.PO_NBR_OF_RCPT, 0),
      COALESCE(KPI.PO_RCPT_INSTNCS, 'n/a'),
      COALESCE(KPI.PO_FRST_SPMT_TO_FRST_RCPT_DAYS, 0),
      COALESCE(KPI.PO_FRST_SPMT_TO_LST_RCPT_DAYS, 0),
      COALESCE(KPI.PO_LST_SPMT_TO_FRST_RCPT_DAYS, 0),
      COALESCE(KPI.PO_LST_SPMT_TO_LST_RCPT_DAYS, 0),
      COALESCE(KPI.PO_CRT_TO_FRST_RCPT_DAYS, 0),
      COALESCE(KPI.PO_CRT_TO_LST_RCPT_DAYS, 0),
      COALESCE(KPI.PO_CRTN_TOT_CNT, 0),
      COALESCE(KPI.PO_CRTN_TOT_PCKD_UNITS, 0),
      COALESCE(KPI.PO_CRTN_FRST_SPMT_DT, '9999-12-31'),
      COALESCE(KPI.PO_CRTN_FRST_RCPT_DT, '9999-12-31'),
      COALESCE(KPI.PO_CRTN_LST_SPMT_DT, '9999-12-31'),
      COALESCE(KPI.PO_CRTN_LST_RCPT_DT, '9999-12-31'),
      '9999-12-31',
      '9999-12-31',
      0,
      0,
      0,
      COALESCE(DTL.PO_DEL_IND, 'n/a'),
      COALESCE(DTL.PO_CO_CD, 'n/a'),
      COALESCE(DTL.PO_LOC_NBR, 'n/a'),
      COALESCE(DTL.PO_PURCH_ORD_QTY, 0.000),
      COALESCE(DTL.PO_PURCH_ORD_QTY_UOM, 'n/a'),
      COALESCE(DTL.PO_ORD_UNT_NMRTR_CONVN_NBR, 0),
      COALESCE(DTL.PO_BASE_UNT_NMRTR_CONVN_NBR, 0),
      COALESCE(DTL.PO_NET_ORD_VAL_CURCY, 0.00),
      COALESCE(DTL.PO_DELV_COMPLN_IND, 'n/a'),
      COALESCE(DTL.PO_BASE_UOM_CD, 'n/a')
  );]]></Sql>
<Condition action="exit" if="ERRORCODE != 0" value="ERRORCODE"/>
</Step>
<Step id="po_so_dd_hu_details_5"><![CDATA[end script]]></Step>
</SnowBlock>
</SnowBlocks>
