<?xml version="1.0" encoding="UTF-8" standalone="no"?>
<!----><SnowBlocks>
<SnowBlock id="1">
<Step id="po_so_dd_hu_details_1">
<Print><![CDATA[completed po_so_dd_hu_details data load;]]></Print>
<Print><![CDATA[completed po_so_dd_hu_details data load;]]></Print>
<Print><![CDATA[completed po_so_dd_hu_details data load;]]></Print>
<Print><![CDATA[completed po_so_dd_hu_details data load;]]></Print>
<Print><![CDATA[completed po_so_dd_hu_details data load;]]></Print>
<Sql><![CDATA[INSERT
  OVERWRITE INTO SCCT_DB.PO_SO_DD_HU_DETAILS(
    SELECT
      'vendor' AS SPPLY_CHN_ND,
      'vendor_turnkey' AS FROM_NODE,
      PO.PURCH_ORD_NBR,
      PO.PURCH_ORD_ITM_NBR,
      COALESCE(PO.DEL_IND, 'n/a') AS DEL_IND,
      COALESCE(PO.ITM_NBR, '0') AS ITM_NBR,
      COALESCE(PO.CO_CD, 'n/a'),
      COALESCE(PO.LOC_NBR, 'n/a'),
      COALESCE(PO.PURCH_ORD_QTY, 0.000),
      COALESCE(PO.PURCH_ORD_QTY_UOM, 'n/a'),
      COALESCE(PO.ORD_UNT_NMRTR_CONVN_NBR, 0),
      COALESCE(PO.BASE_UNT_NMRTR_CONVN_NBR, 0),
      COALESCE(PO.NET_ORD_VAL_CURCY, 0.00),
      COALESCE(PO.DELV_COMPLN_IND, 'n/a'),
      COALESCE(PO.BASE_UOM_CD, 'n/a')
  );]]></Sql>
<Condition action="exit" if="ERRORCODE != 0" value="ERRORCODE"/>
<Print><![CDATA[completed po_so_dd_hu_details data load;]]></Print>
<Print><![CDATA[completed po_so_dd_hu_details data load;]]></Print>
<Print><![CDATA[completed po_so_dd_hu_details data load;]]></Print>
<Print><![CDATA[completed po_so_dd_hu_details data load;]]></Print>
<Print><![CDATA[completed po_so_dd_hu_details data load;]]></Print>
</Step>
</SnowBlock>
<SnowBlock id="2">
<Step id="po_so_dd_hu_details_2">
<Sql><![CDATA[INSERT
  OVERWRITE INTO SCCT_DB.PO_SO_DD_HU_DETAILS(
    SELECT
      'vendor' AS SPPLY_CHN_ND,
      'vendor_turnkey' AS FROM_NODE,
      PO.PURCH_ORD_NBR,
      PO.PURCH_ORD_ITM_NBR,
      COALESCE(PO.DEL_IND, 'n/a') AS DEL_IND,
      COALESCE(PO.ITM_NBR, '0') AS ITM_NBR,
      COALESCE(PO.CO_CD, 'n/a'),
      COALESCE(PO.LOC_NBR, 'n/a'),
      COALESCE(PO.PURCH_ORD_QTY, 0.000),
      COALESCE(PO.PURCH_ORD_QTY_UOM, 'n/a'),
      COALESCE(PO.ORD_UNT_NMRTR_CONVN_NBR, 0),
      COALESCE(PO.BASE_UNT_NMRTR_CONVN_NBR, 0),
      COALESCE(PO.NET_ORD_VAL_CURCY, 0.00),
      COALESCE(PO.DELV_COMPLN_IND, 'n/a'),
      COALESCE(PO.BASE_UOM_CD, 'n/a')
  );]]></Sql>
<Condition action="exit" if="ERRORCODE != 0" value="ERRORCODE"/>
<Print><![CDATA[completed po_so_dd_hu_details data load;]]></Print>
<Print><![CDATA[completed po_so_dd_hu_details data load;]]></Print>
<Print><![CDATA[completed po_so_dd_hu_details data load;]]></Print>
<Print><![CDATA[completed po_so_dd_hu_details data load;]]></Print>
<Print><![CDATA[completed po_so_dd_hu_details data load;]]></Print>
</Step>
</SnowBlock>
<SnowBlock id="3">
<Step id="po_so_dd_hu_details_3">
<Sql><![CDATA[INSERT
  OVERWRITE INTO SCCT_DB.PO_SO_DD_HU_DETAILS(
    SELECT
      'vendor' AS SPPLY_CHN_ND,
      'vendor_turnkey' AS FROM_NODE,
      PO.PURCH_ORD_NBR,
      PO.PURCH_ORD_ITM_NBR,
      COALESCE(PO.DEL_IND, 'n/a') AS DEL_IND,
      COALESCE(PO.ITM_NBR, '0') AS ITM_NBR,
      COALESCE(PO.CO_CD, 'n/a'),
      COALESCE(PO.LOC_NBR, 'n/a'),
      COALESCE(PO.PURCH_ORD_QTY, 0.000),
      COALESCE(PO.PURCH_ORD_QTY_UOM, 'n/a'),
      COALESCE(PO.ORD_UNT_NMRTR_CONVN_NBR, 0),
      COALESCE(PO.BASE_UNT_NMRTR_CONVN_NBR, 0),
      COALESCE(PO.NET_ORD_VAL_CURCY, 0.00),
      COALESCE(PO.DELV_COMPLN_IND, 'n/a'),
      COALESCE(PO.BASE_UOM_CD, 'n/a')
  );]]></Sql>
<Condition action="exit" if="ERRORCODE != 0" value="ERRORCODE"/>
<Print><![CDATA[completed po_so_dd_hu_details data load;]]></Print>
<Print><![CDATA[completed po_so_dd_hu_details data load;]]></Print>
<Print><![CDATA[completed po_so_dd_hu_details data load;]]></Print>
<Print><![CDATA[completed po_so_dd_hu_details data load;]]></Print>
<Print><![CDATA[completed po_so_dd_hu_details data load;]]></Print>
</Step>
</SnowBlock>
<SnowBlock id="4">
<Step id="po_so_dd_hu_details_4">
<Sql><![CDATA[INSERT
  OVERWRITE INTO SCCT_DB.PO_SO_DD_HU_DETAILS(
    SELECT
      'vendor' AS SPPLY_CHN_ND,
      'vendor_turnkey' AS FROM_NODE,
      PO.PURCH_ORD_NBR,
      PO.PURCH_ORD_ITM_NBR,
      COALESCE(PO.DEL_IND, 'n/a') AS DEL_IND,
      COALESCE(PO.ITM_NBR, '0') AS ITM_NBR,
      COALESCE(PO.CO_CD, 'n/a'),
      COALESCE(PO.LOC_NBR, 'n/a'),
      COALESCE(PO.PURCH_ORD_QTY, 0.000),
      COALESCE(PO.PURCH_ORD_QTY_UOM, 'n/a'),
      COALESCE(PO.ORD_UNT_NMRTR_CONVN_NBR, 0),
      COALESCE(PO.BASE_UNT_NMRTR_CONVN_NBR, 0),
      COALESCE(PO.NET_ORD_VAL_CURCY, 0.00),
      COALESCE(PO.DELV_COMPLN_IND, 'n/a'),
      COALESCE(PO.BASE_UOM_CD, 'n/a')
  );]]></Sql>
<Condition action="exit" if="ERRORCODE != 0" value="ERRORCODE"/>
</Step>
<Step id="po_so_dd_hu_details_5"><![CDATA[end script]]></Step>
</SnowBlock>
</SnowBlocks>
