<?xml version="1.0" encoding="UTF-8" standalone="no"?>
<!--- - - - - - - - - - - - - - - - - - - - - - - - - - - -loading staging data into final staging table - - - - - - - - - - - - - - - - - - - - - - - - -  set tez.job.name=staging:tms_accessorial_master_tmp1 :load target table from tms_accessorial_master_tmp;
--><SnowBlocks>
<SnowBlock id="1">
<Step id="-----------------------_1">
<Print><![CDATA[started loading into scct_work_db.tms_accessorial_master_tmp1;]]></Print>
<Comment><![CDATA[------------------------- ---loading staging data into final staging table -------------------------  set tez.job.name=staging:tms_accessorial_master_tmp1 :load target table from tms_accessorial_master_tmp;]]></Comment>
<Comment><![CDATA[------------------------- ---loading staging data into target table -------------------------  set tez.job.name=staging:tms_accessorial_master :load target table from tms_accessorial_master_tmp1;]]></Comment>
<Sql><![CDATA[INSERT
  OVERWRITE INTO SCCT_DB.TMS_ACCESSORIAL_MASTER (
    SELECT
      ACCESSORIAL_TYPE_DESCRIPTION,
      TC_COMPANY_ID,
      ACCESSORIAL_CD,
      ACCESSORIAL_TYPE,
      DATA_SOURCE,
      DISTANCE_UOM,
      ACCESSORIAL_DESCRIPTION,
      LAST_UPDATED_DTTM,
      IS_HAZMAT,
      IS_DEFAULT_FOR_INVOICE,
      IS_FUEL_ACCESSORIAL,
      ACCESSORIAL_ID,
      IS_TAX_ACCESSORIAL,
      IS_ADD_TO_SPOT_CHARGE,
      IS_ADD_STOP_OFF_CHARGE,
      CALCULATION_OPTION_LEVEL,
      DELIVERY_LEVEL,
      IS_REQUESTED,
      IS_SHIP_VIA,
      CALCULATION_FACTOR,
      IS_OVERSIZE,
      IS_APPLY_ONCE_PER_SHIP,
      FUEL_INDEX_ID,
      IS_COST_PLUS_ACCESSORIAL,
      ACCESSORIAL_PARAM_SET_ID,
      ACCESSORIAL_RATE_ID,
      RATE,
      MINIMUM_RATE,
      CURRENCY_CD,
      IS_AUTO_APPROVE,
      EFFECTIVE_DT,
      EXPIRATION_DT,
      EFFECTIVE_SEQ,
      IS_SHIPMENT_ACCESSORIAL,
      MOT_ID,
      EQUIPMENT_ID,
      SERVICE_LEVEL_ID,
      PROTECTION_LEVEL_IDFROM SCCT_WORK_DB.TMS_ACCESSORIAL_MASTER_TMP1
  );]]></Sql>
<Condition action="exit" if="ERRORCODE != 0" value="ERRORCODE"/>
<Print><![CDATA[started loading into scct_work_db.tms_accessorial_master_tmp1;]]></Print>
<Comment><![CDATA[------------------------- ---loading staging data into final staging table -------------------------  set tez.job.name=staging:tms_accessorial_master_tmp1 :load target table from tms_accessorial_master_tmp;]]></Comment>
<Comment><![CDATA[------------------------- ---loading staging data into target table -------------------------  set tez.job.name=staging:tms_accessorial_master :load target table from tms_accessorial_master_tmp1;]]></Comment>
</Step>
</SnowBlock>
<SnowBlock id="2">
<Step id="-----------------------_2">
<Sql><![CDATA[INSERT
  OVERWRITE INTO SCCT_DB.TMS_ACCESSORIAL_MASTER (
    SELECT
      ACCESSORIAL_TYPE_DESCRIPTION,
      TC_COMPANY_ID,
      ACCESSORIAL_CD,
      ACCESSORIAL_TYPE,
      DATA_SOURCE,
      DISTANCE_UOM,
      ACCESSORIAL_DESCRIPTION,
      LAST_UPDATED_DTTM,
      IS_HAZMAT,
      IS_DEFAULT_FOR_INVOICE,
      IS_FUEL_ACCESSORIAL,
      ACCESSORIAL_ID,
      IS_TAX_ACCESSORIAL,
      IS_ADD_TO_SPOT_CHARGE,
      IS_ADD_STOP_OFF_CHARGE,
      CALCULATION_OPTION_LEVEL,
      DELIVERY_LEVEL,
      IS_REQUESTED,
      IS_SHIP_VIA,
      CALCULATION_FACTOR,
      IS_OVERSIZE,
      IS_APPLY_ONCE_PER_SHIP,
      FUEL_INDEX_ID,
      IS_COST_PLUS_ACCESSORIAL,
      ACCESSORIAL_PARAM_SET_ID,
      ACCESSORIAL_RATE_ID,
      RATE,
      MINIMUM_RATE,
      CURRENCY_CD,
      IS_AUTO_APPROVE,
      EFFECTIVE_DT,
      EXPIRATION_DT,
      EFFECTIVE_SEQ,
      IS_SHIPMENT_ACCESSORIAL,
      MOT_ID,
      EQUIPMENT_ID,
      SERVICE_LEVEL_ID,
      PROTECTION_LEVEL_IDFROM SCCT_WORK_DB.TMS_ACCESSORIAL_MASTER_TMP1
  );]]></Sql>
<Condition action="exit" if="ERRORCODE != 0" value="ERRORCODE"/>
<Print><![CDATA[started loading into scct_work_db.tms_accessorial_master_tmp1;]]></Print>
<Comment><![CDATA[------------------------- ---loading staging data into final staging table -------------------------  set tez.job.name=staging:tms_accessorial_master_tmp1 :load target table from tms_accessorial_master_tmp;]]></Comment>
<Comment><![CDATA[------------------------- ---loading staging data into target table -------------------------  set tez.job.name=staging:tms_accessorial_master :load target table from tms_accessorial_master_tmp1;]]></Comment>
</Step>
</SnowBlock>
<SnowBlock id="3">
<Step id="-----------------------_3">
<Sql><![CDATA[INSERT
  OVERWRITE INTO SCCT_DB.TMS_ACCESSORIAL_MASTER (
    SELECT
      ACCESSORIAL_TYPE_DESCRIPTION,
      TC_COMPANY_ID,
      ACCESSORIAL_CD,
      ACCESSORIAL_TYPE,
      DATA_SOURCE,
      DISTANCE_UOM,
      ACCESSORIAL_DESCRIPTION,
      LAST_UPDATED_DTTM,
      IS_HAZMAT,
      IS_DEFAULT_FOR_INVOICE,
      IS_FUEL_ACCESSORIAL,
      ACCESSORIAL_ID,
      IS_TAX_ACCESSORIAL,
      IS_ADD_TO_SPOT_CHARGE,
      IS_ADD_STOP_OFF_CHARGE,
      CALCULATION_OPTION_LEVEL,
      DELIVERY_LEVEL,
      IS_REQUESTED,
      IS_SHIP_VIA,
      CALCULATION_FACTOR,
      IS_OVERSIZE,
      IS_APPLY_ONCE_PER_SHIP,
      FUEL_INDEX_ID,
      IS_COST_PLUS_ACCESSORIAL,
      ACCESSORIAL_PARAM_SET_ID,
      ACCESSORIAL_RATE_ID,
      RATE,
      MINIMUM_RATE,
      CURRENCY_CD,
      IS_AUTO_APPROVE,
      EFFECTIVE_DT,
      EXPIRATION_DT,
      EFFECTIVE_SEQ,
      IS_SHIPMENT_ACCESSORIAL,
      MOT_ID,
      EQUIPMENT_ID,
      SERVICE_LEVEL_ID,
      PROTECTION_LEVEL_IDFROM SCCT_WORK_DB.TMS_ACCESSORIAL_MASTER_TMP1
  );]]></Sql>
<Condition action="exit" if="ERRORCODE != 0" value="ERRORCODE"/>
<Print><![CDATA[started loading into scct_work_db.tms_accessorial_master_tmp1;]]></Print>
<Comment><![CDATA[------------------------- ---loading staging data into final staging table -------------------------  set tez.job.name=staging:tms_accessorial_master_tmp1 :load target table from tms_accessorial_master_tmp;]]></Comment>
<Comment><![CDATA[------------------------- ---loading staging data into target table -------------------------  set tez.job.name=staging:tms_accessorial_master :load target table from tms_accessorial_master_tmp1;]]></Comment>
</Step>
</SnowBlock>
<SnowBlock id="4">
<Step id="-----------------------_4">
<Sql><![CDATA[INSERT
  OVERWRITE INTO SCCT_DB.TMS_ACCESSORIAL_MASTER (
    SELECT
      ACCESSORIAL_TYPE_DESCRIPTION,
      TC_COMPANY_ID,
      ACCESSORIAL_CD,
      ACCESSORIAL_TYPE,
      DATA_SOURCE,
      DISTANCE_UOM,
      ACCESSORIAL_DESCRIPTION,
      LAST_UPDATED_DTTM,
      IS_HAZMAT,
      IS_DEFAULT_FOR_INVOICE,
      IS_FUEL_ACCESSORIAL,
      ACCESSORIAL_ID,
      IS_TAX_ACCESSORIAL,
      IS_ADD_TO_SPOT_CHARGE,
      IS_ADD_STOP_OFF_CHARGE,
      CALCULATION_OPTION_LEVEL,
      DELIVERY_LEVEL,
      IS_REQUESTED,
      IS_SHIP_VIA,
      CALCULATION_FACTOR,
      IS_OVERSIZE,
      IS_APPLY_ONCE_PER_SHIP,
      FUEL_INDEX_ID,
      IS_COST_PLUS_ACCESSORIAL,
      ACCESSORIAL_PARAM_SET_ID,
      ACCESSORIAL_RATE_ID,
      RATE,
      MINIMUM_RATE,
      CURRENCY_CD,
      IS_AUTO_APPROVE,
      EFFECTIVE_DT,
      EXPIRATION_DT,
      EFFECTIVE_SEQ,
      IS_SHIPMENT_ACCESSORIAL,
      MOT_ID,
      EQUIPMENT_ID,
      SERVICE_LEVEL_ID,
      PROTECTION_LEVEL_IDFROM SCCT_WORK_DB.TMS_ACCESSORIAL_MASTER_TMP1
  );]]></Sql>
<Condition action="exit" if="ERRORCODE != 0" value="ERRORCODE"/>
</Step>
<Step id="-----------------------_5"><![CDATA[end script]]></Step>
</SnowBlock>
</SnowBlocks>
