<?xml version="1.0" encoding="UTF-8" standalone="no"?>
<!----><SnowBlocks>
<SnowBlock id="1">
<Step id="po_so_dd_hu_details_1">
<Print><![CDATA[completed po_so_dd_hu_details data load;]]></Print>
<Print><![CDATA[completed po_so_dd_hu_details data load;]]></Print>
<Print><![CDATA[completed po_so_dd_hu_details data load;]]></Print>
<Print><![CDATA[completed po_so_dd_hu_details data load;]]></Print>
<Print><![CDATA[completed po_so_dd_hu_details data load;]]></Print>
<Print><![CDATA[completed po_so_dd_hu_details data load;]]></Print>
<Print><![CDATA[completed po_so_dd_hu_details data load;]]></Print>
<Print><![CDATA[completed po_so_dd_hu_details data load;]]></Print>
<Print><![CDATA[completed po_so_dd_hu_details data load;]]></Print>
<Print><![CDATA[completed po_so_dd_hu_details data load;]]></Print>
<Print><![CDATA[completed po_so_dd_hu_details data load;]]></Print>
<Print><![CDATA[completed po_so_dd_hu_details data load;]]></Print>
<Print><![CDATA[completed po_so_dd_hu_details data load;]]></Print>
<Print><![CDATA[completed po_so_dd_hu_details data load;]]></Print>
<Print><![CDATA[completed po_so_dd_hu_kpi_details data load;]]></Print>
<Print><![CDATA[completed po_so_dd_hu_kpi_details data load;]]></Print>
<Print><![CDATA[completed po_so_dd_hu_kpi_details data load;]]></Print>
<Sql><![CDATA[INSERT
  OVERWRITE INTO SCCT_DB.PO_SO_DD_HU_KPI_DETAILS(
    SELECT
      DTL.SPPLY_CHN_ND,
      DTL.FROM_NODE,
      DTL.PO_PURCH_ORD_NBR,
      DTL.PO_PURCH_ORD_ITM_NBR,
      DTL.PO_ITM_NBR,
      '9999-12-31',
      '9999-12-31',
      0,
      0,
      0,
      0,
      0,
      0,
      0,
      '9999-12-31',
      '9999-12-31',
      0,
      0,
      0,
      0,
      0,
      0,
      'n/a',
      0,
      'n/a',
      0,
      0,
      0,
      0,
      0,
      0,
      0,
      0,
      '9999-12-31',
      '9999-12-31',
      '9999-12-31',
      '9999-12-31',
      COALESCE(SO.SO_FRST_SHP_DT, '9999-12-31'),
      COALESCE(SO.SO_LST_SHP_DT, '9999-12-31'),
      COALESCE(SO.SO_TOT_SHP_UNITS, 0),
      COALESCE(DD.DD_CRTN_TOT_CNT, 0),
      COALESCE(DD.DD_CRTN_TOT_PCKD_UNITS, 0),
      COALESCE(DTL.PO_DEL_IND, 'n/a'),
      COALESCE(DTL.PO_CO_CD, 'n/a'),
      COALESCE(DTL.PO_LOC_NBR, 'n/a'),
      COALESCE(DTL.PO_PURCH_ORD_QTY, 0.000),
      COALESCE(DTL.PO_PURCH_ORD_QTY_UOM, 'n/a'),
      COALESCE(DTL.PO_ORD_UNT_NMRTR_CONVN_NBR, 0),
      COALESCE(DTL.PO_BASE_UNT_NMRTR_CONVN_NBR, 0),
      COALESCE(DTL.PO_NET_ORD_VAL_CURCY, 0.00),
      COALESCE(DTL.PO_DELV_COMPLN_IND, 'n/a'),
      COALESCE(DTL.PO_BASE_UOM_CD, 'n/a')
  );]]></Sql>
<Condition action="exit" if="ERRORCODE != 0" value="ERRORCODE"/>
<Print><![CDATA[completed po_so_dd_hu_details data load;]]></Print>
<Print><![CDATA[completed po_so_dd_hu_details data load;]]></Print>
<Print><![CDATA[completed po_so_dd_hu_details data load;]]></Print>
<Print><![CDATA[completed po_so_dd_hu_details data load;]]></Print>
<Print><![CDATA[completed po_so_dd_hu_details data load;]]></Print>
<Print><![CDATA[completed po_so_dd_hu_details data load;]]></Print>
<Print><![CDATA[completed po_so_dd_hu_details data load;]]></Print>
<Print><![CDATA[completed po_so_dd_hu_details data load;]]></Print>
<Print><![CDATA[completed po_so_dd_hu_details data load;]]></Print>
<Print><![CDATA[completed po_so_dd_hu_details data load;]]></Print>
<Print><![CDATA[completed po_so_dd_hu_details data load;]]></Print>
<Print><![CDATA[completed po_so_dd_hu_details data load;]]></Print>
<Print><![CDATA[completed po_so_dd_hu_details data load;]]></Print>
<Print><![CDATA[completed po_so_dd_hu_details data load;]]></Print>
<Print><![CDATA[completed po_so_dd_hu_kpi_details data load;]]></Print>
<Print><![CDATA[completed po_so_dd_hu_kpi_details data load;]]></Print>
<Print><![CDATA[completed po_so_dd_hu_kpi_details data load;]]></Print>
</Step>
</SnowBlock>
<SnowBlock id="2">
<Step id="po_so_dd_hu_details_2">
<Sql><![CDATA[INSERT
  OVERWRITE INTO SCCT_DB.PO_SO_DD_HU_KPI_DETAILS(
    SELECT
      DTL.SPPLY_CHN_ND,
      DTL.FROM_NODE,
      DTL.PO_PURCH_ORD_NBR,
      DTL.PO_PURCH_ORD_ITM_NBR,
      DTL.PO_ITM_NBR,
      '9999-12-31',
      '9999-12-31',
      0,
      0,
      0,
      0,
      0,
      0,
      0,
      '9999-12-31',
      '9999-12-31',
      0,
      0,
      0,
      0,
      0,
      0,
      'n/a',
      0,
      'n/a',
      0,
      0,
      0,
      0,
      0,
      0,
      0,
      0,
      '9999-12-31',
      '9999-12-31',
      '9999-12-31',
      '9999-12-31',
      COALESCE(SO.SO_FRST_SHP_DT, '9999-12-31'),
      COALESCE(SO.SO_LST_SHP_DT, '9999-12-31'),
      COALESCE(SO.SO_TOT_SHP_UNITS, 0),
      COALESCE(DD.DD_CRTN_TOT_CNT, 0),
      COALESCE(DD.DD_CRTN_TOT_PCKD_UNITS, 0),
      COALESCE(DTL.PO_DEL_IND, 'n/a'),
      COALESCE(DTL.PO_CO_CD, 'n/a'),
      COALESCE(DTL.PO_LOC_NBR, 'n/a'),
      COALESCE(DTL.PO_PURCH_ORD_QTY, 0.000),
      COALESCE(DTL.PO_PURCH_ORD_QTY_UOM, 'n/a'),
      COALESCE(DTL.PO_ORD_UNT_NMRTR_CONVN_NBR, 0),
      COALESCE(DTL.PO_BASE_UNT_NMRTR_CONVN_NBR, 0),
      COALESCE(DTL.PO_NET_ORD_VAL_CURCY, 0.00),
      COALESCE(DTL.PO_DELV_COMPLN_IND, 'n/a'),
      COALESCE(DTL.PO_BASE_UOM_CD, 'n/a')
  );]]></Sql>
<Condition action="exit" if="ERRORCODE != 0" value="ERRORCODE"/>
<Print><![CDATA[completed po_so_dd_hu_details data load;]]></Print>
<Print><![CDATA[completed po_so_dd_hu_details data load;]]></Print>
<Print><![CDATA[completed po_so_dd_hu_details data load;]]></Print>
<Print><![CDATA[completed po_so_dd_hu_details data load;]]></Print>
<Print><![CDATA[completed po_so_dd_hu_details data load;]]></Print>
<Print><![CDATA[completed po_so_dd_hu_details data load;]]></Print>
<Print><![CDATA[completed po_so_dd_hu_details data load;]]></Print>
<Print><![CDATA[completed po_so_dd_hu_details data load;]]></Print>
<Print><![CDATA[completed po_so_dd_hu_details data load;]]></Print>
<Print><![CDATA[completed po_so_dd_hu_details data load;]]></Print>
<Print><![CDATA[completed po_so_dd_hu_details data load;]]></Print>
<Print><![CDATA[completed po_so_dd_hu_details data load;]]></Print>
<Print><![CDATA[completed po_so_dd_hu_details data load;]]></Print>
<Print><![CDATA[completed po_so_dd_hu_details data load;]]></Print>
<Print><![CDATA[completed po_so_dd_hu_kpi_details data load;]]></Print>
<Print><![CDATA[completed po_so_dd_hu_kpi_details data load;]]></Print>
<Print><![CDATA[completed po_so_dd_hu_kpi_details data load;]]></Print>
</Step>
</SnowBlock>
<SnowBlock id="3">
<Step id="po_so_dd_hu_details_3">
<Sql><![CDATA[INSERT
  OVERWRITE INTO SCCT_DB.PO_SO_DD_HU_KPI_DETAILS(
    SELECT
      DTL.SPPLY_CHN_ND,
      DTL.FROM_NODE,
      DTL.PO_PURCH_ORD_NBR,
      DTL.PO_PURCH_ORD_ITM_NBR,
      DTL.PO_ITM_NBR,
      '9999-12-31',
      '9999-12-31',
      0,
      0,
      0,
      0,
      0,
      0,
      0,
      '9999-12-31',
      '9999-12-31',
      0,
      0,
      0,
      0,
      0,
      0,
      'n/a',
      0,
      'n/a',
      0,
      0,
      0,
      0,
      0,
      0,
      0,
      0,
      '9999-12-31',
      '9999-12-31',
      '9999-12-31',
      '9999-12-31',
      COALESCE(SO.SO_FRST_SHP_DT, '9999-12-31'),
      COALESCE(SO.SO_LST_SHP_DT, '9999-12-31'),
      COALESCE(SO.SO_TOT_SHP_UNITS, 0),
      COALESCE(DD.DD_CRTN_TOT_CNT, 0),
      COALESCE(DD.DD_CRTN_TOT_PCKD_UNITS, 0),
      COALESCE(DTL.PO_DEL_IND, 'n/a'),
      COALESCE(DTL.PO_CO_CD, 'n/a'),
      COALESCE(DTL.PO_LOC_NBR, 'n/a'),
      COALESCE(DTL.PO_PURCH_ORD_QTY, 0.000),
      COALESCE(DTL.PO_PURCH_ORD_QTY_UOM, 'n/a'),
      COALESCE(DTL.PO_ORD_UNT_NMRTR_CONVN_NBR, 0),
      COALESCE(DTL.PO_BASE_UNT_NMRTR_CONVN_NBR, 0),
      COALESCE(DTL.PO_NET_ORD_VAL_CURCY, 0.00),
      COALESCE(DTL.PO_DELV_COMPLN_IND, 'n/a'),
      COALESCE(DTL.PO_BASE_UOM_CD, 'n/a')
  );]]></Sql>
<Condition action="exit" if="ERRORCODE != 0" value="ERRORCODE"/>
<Print><![CDATA[completed po_so_dd_hu_details data load;]]></Print>
<Print><![CDATA[completed po_so_dd_hu_details data load;]]></Print>
<Print><![CDATA[completed po_so_dd_hu_details data load;]]></Print>
<Print><![CDATA[completed po_so_dd_hu_details data load;]]></Print>
<Print><![CDATA[completed po_so_dd_hu_details data load;]]></Print>
<Print><![CDATA[completed po_so_dd_hu_details data load;]]></Print>
<Print><![CDATA[completed po_so_dd_hu_details data load;]]></Print>
<Print><![CDATA[completed po_so_dd_hu_details data load;]]></Print>
<Print><![CDATA[completed po_so_dd_hu_details data load;]]></Print>
<Print><![CDATA[completed po_so_dd_hu_details data load;]]></Print>
<Print><![CDATA[completed po_so_dd_hu_details data load;]]></Print>
<Print><![CDATA[completed po_so_dd_hu_details data load;]]></Print>
<Print><![CDATA[completed po_so_dd_hu_details data load;]]></Print>
<Print><![CDATA[completed po_so_dd_hu_details data load;]]></Print>
<Print><![CDATA[completed po_so_dd_hu_kpi_details data load;]]></Print>
<Print><![CDATA[completed po_so_dd_hu_kpi_details data load;]]></Print>
<Print><![CDATA[completed po_so_dd_hu_kpi_details data load;]]></Print>
</Step>
</SnowBlock>
<SnowBlock id="4">
<Step id="po_so_dd_hu_details_4">
<Sql><![CDATA[INSERT
  OVERWRITE INTO SCCT_DB.PO_SO_DD_HU_KPI_DETAILS(
    SELECT
      DTL.SPPLY_CHN_ND,
      DTL.FROM_NODE,
      DTL.PO_PURCH_ORD_NBR,
      DTL.PO_PURCH_ORD_ITM_NBR,
      DTL.PO_ITM_NBR,
      '9999-12-31',
      '9999-12-31',
      0,
      0,
      0,
      0,
      0,
      0,
      0,
      '9999-12-31',
      '9999-12-31',
      0,
      0,
      0,
      0,
      0,
      0,
      'n/a',
      0,
      'n/a',
      0,
      0,
      0,
      0,
      0,
      0,
      0,
      0,
      '9999-12-31',
      '9999-12-31',
      '9999-12-31',
      '9999-12-31',
      COALESCE(SO.SO_FRST_SHP_DT, '9999-12-31'),
      COALESCE(SO.SO_LST_SHP_DT, '9999-12-31'),
      COALESCE(SO.SO_TOT_SHP_UNITS, 0),
      COALESCE(DD.DD_CRTN_TOT_CNT, 0),
      COALESCE(DD.DD_CRTN_TOT_PCKD_UNITS, 0),
      COALESCE(DTL.PO_DEL_IND, 'n/a'),
      COALESCE(DTL.PO_CO_CD, 'n/a'),
      COALESCE(DTL.PO_LOC_NBR, 'n/a'),
      COALESCE(DTL.PO_PURCH_ORD_QTY, 0.000),
      COALESCE(DTL.PO_PURCH_ORD_QTY_UOM, 'n/a'),
      COALESCE(DTL.PO_ORD_UNT_NMRTR_CONVN_NBR, 0),
      COALESCE(DTL.PO_BASE_UNT_NMRTR_CONVN_NBR, 0),
      COALESCE(DTL.PO_NET_ORD_VAL_CURCY, 0.00),
      COALESCE(DTL.PO_DELV_COMPLN_IND, 'n/a'),
      COALESCE(DTL.PO_BASE_UOM_CD, 'n/a')
  );]]></Sql>
<Condition action="exit" if="ERRORCODE != 0" value="ERRORCODE"/>
</Step>
<Step id="po_so_dd_hu_details_5"><![CDATA[end script]]></Step>
</SnowBlock>
</SnowBlocks>
