<?xml version="1.0" encoding="UTF-8" standalone="no"?>
<!--- - - - - - - - - - - - - - - - - - - - - - - - - - - -loading staging data into final stagnig table - - - - - - - - - - - - - - - - - - - - - - - - -  set tez.job.name=staging:tms_fuel_master_tmp1 :load target table from tms_fuel_master_tmp;
--><SnowBlocks>
<SnowBlock id="1">
<Step id="-----------------------_1">
<Print><![CDATA[started loading into scct_work_db.tms_fuel_master_tmp1;]]></Print>
<Comment><![CDATA[------------------------- ---loading staging data into final stagnig table -------------------------  set tez.job.name=staging:tms_fuel_master_tmp1 :load target table from tms_fuel_master_tmp;]]></Comment>
<Comment><![CDATA[------------------------- ---loading staging data into target table -------------------------  set tez.job.name=staging:tms_fuel_master :load target table from tms_fuel_master_tmp1;]]></Comment>
<Sql><![CDATA[INSERT
  OVERWRITE INTO SCCT_DB.TMS_FUEL_MASTER (
    SELECT
      COMPANY_ID,
      INDEX_ID,
      NAME,
      FUEL_INDEX_DESCRIPTION,
      FUEL_TYPE_ID,
      COUNTRY_CD,
      INDEX_CREATED_DTTM,
      INDEX_UPDATED_DTTM,
      RATE_ID,
      RATE,
      FUEL_RATE_CURRENCY_CD,
      EFFECTIVE_DT,
      EXPIRATION_DT,
      RATE_CREATED_DTTM,
      RATE_UPDATED_DTTM,
      RATE_UOM_ABBREVIATION,
      RATE_UOM_DESCRIPTION,
      FUEL_SURCHARGE_ID,
      LOWER_PRICE_LIMIT,
      UPPER_PRICE_LIMIT,
      SURCHARGE_AMOUNT,
      FUEL_SURCHARGE_CURRENCY_CD,
      FUEL_SURCHARGE_ACCESSORIAL_ID,
      SURCHARGE_PERCENT,
      SURCHARGE_CREATED_DTTM,
      SURCHARGE_LAST_UPDATED_DTTM,
      ACCESSORIAL_CD,
      ACCESSORIAL_TYPE,
      DISTANCE_UOM,
      ACCESSORIAL_CODE_DESCRIPTION,
      ACCESSORIAL_LAST_UPDATED_DTTM,
      IS_HAZMAT,
      IS_DEFAULT_FOR_INVOICE,
      IS_FUEL_ACCESSORIAL,
      IS_TAX_ACCESSORIAL,
      IS_ADD_TO_SPOT_CHARGE,
      FUEL_REGIONFROM SCCT_WORK_DB.TMS_FUEL_MASTER_TMP1
  );]]></Sql>
<Condition action="exit" if="ERRORCODE != 0" value="ERRORCODE"/>
<Print><![CDATA[started loading into scct_work_db.tms_fuel_master_tmp1;]]></Print>
<Comment><![CDATA[------------------------- ---loading staging data into final stagnig table -------------------------  set tez.job.name=staging:tms_fuel_master_tmp1 :load target table from tms_fuel_master_tmp;]]></Comment>
<Comment><![CDATA[------------------------- ---loading staging data into target table -------------------------  set tez.job.name=staging:tms_fuel_master :load target table from tms_fuel_master_tmp1;]]></Comment>
</Step>
</SnowBlock>
<SnowBlock id="2">
<Step id="-----------------------_2">
<Sql><![CDATA[INSERT
  OVERWRITE INTO SCCT_DB.TMS_FUEL_MASTER (
    SELECT
      COMPANY_ID,
      INDEX_ID,
      NAME,
      FUEL_INDEX_DESCRIPTION,
      FUEL_TYPE_ID,
      COUNTRY_CD,
      INDEX_CREATED_DTTM,
      INDEX_UPDATED_DTTM,
      RATE_ID,
      RATE,
      FUEL_RATE_CURRENCY_CD,
      EFFECTIVE_DT,
      EXPIRATION_DT,
      RATE_CREATED_DTTM,
      RATE_UPDATED_DTTM,
      RATE_UOM_ABBREVIATION,
      RATE_UOM_DESCRIPTION,
      FUEL_SURCHARGE_ID,
      LOWER_PRICE_LIMIT,
      UPPER_PRICE_LIMIT,
      SURCHARGE_AMOUNT,
      FUEL_SURCHARGE_CURRENCY_CD,
      FUEL_SURCHARGE_ACCESSORIAL_ID,
      SURCHARGE_PERCENT,
      SURCHARGE_CREATED_DTTM,
      SURCHARGE_LAST_UPDATED_DTTM,
      ACCESSORIAL_CD,
      ACCESSORIAL_TYPE,
      DISTANCE_UOM,
      ACCESSORIAL_CODE_DESCRIPTION,
      ACCESSORIAL_LAST_UPDATED_DTTM,
      IS_HAZMAT,
      IS_DEFAULT_FOR_INVOICE,
      IS_FUEL_ACCESSORIAL,
      IS_TAX_ACCESSORIAL,
      IS_ADD_TO_SPOT_CHARGE,
      FUEL_REGIONFROM SCCT_WORK_DB.TMS_FUEL_MASTER_TMP1
  );]]></Sql>
<Condition action="exit" if="ERRORCODE != 0" value="ERRORCODE"/>
<Print><![CDATA[started loading into scct_work_db.tms_fuel_master_tmp1;]]></Print>
<Comment><![CDATA[------------------------- ---loading staging data into final stagnig table -------------------------  set tez.job.name=staging:tms_fuel_master_tmp1 :load target table from tms_fuel_master_tmp;]]></Comment>
<Comment><![CDATA[------------------------- ---loading staging data into target table -------------------------  set tez.job.name=staging:tms_fuel_master :load target table from tms_fuel_master_tmp1;]]></Comment>
</Step>
</SnowBlock>
<SnowBlock id="3">
<Step id="-----------------------_3">
<Sql><![CDATA[INSERT
  OVERWRITE INTO SCCT_DB.TMS_FUEL_MASTER (
    SELECT
      COMPANY_ID,
      INDEX_ID,
      NAME,
      FUEL_INDEX_DESCRIPTION,
      FUEL_TYPE_ID,
      COUNTRY_CD,
      INDEX_CREATED_DTTM,
      INDEX_UPDATED_DTTM,
      RATE_ID,
      RATE,
      FUEL_RATE_CURRENCY_CD,
      EFFECTIVE_DT,
      EXPIRATION_DT,
      RATE_CREATED_DTTM,
      RATE_UPDATED_DTTM,
      RATE_UOM_ABBREVIATION,
      RATE_UOM_DESCRIPTION,
      FUEL_SURCHARGE_ID,
      LOWER_PRICE_LIMIT,
      UPPER_PRICE_LIMIT,
      SURCHARGE_AMOUNT,
      FUEL_SURCHARGE_CURRENCY_CD,
      FUEL_SURCHARGE_ACCESSORIAL_ID,
      SURCHARGE_PERCENT,
      SURCHARGE_CREATED_DTTM,
      SURCHARGE_LAST_UPDATED_DTTM,
      ACCESSORIAL_CD,
      ACCESSORIAL_TYPE,
      DISTANCE_UOM,
      ACCESSORIAL_CODE_DESCRIPTION,
      ACCESSORIAL_LAST_UPDATED_DTTM,
      IS_HAZMAT,
      IS_DEFAULT_FOR_INVOICE,
      IS_FUEL_ACCESSORIAL,
      IS_TAX_ACCESSORIAL,
      IS_ADD_TO_SPOT_CHARGE,
      FUEL_REGIONFROM SCCT_WORK_DB.TMS_FUEL_MASTER_TMP1
  );]]></Sql>
<Condition action="exit" if="ERRORCODE != 0" value="ERRORCODE"/>
<Print><![CDATA[started loading into scct_work_db.tms_fuel_master_tmp1;]]></Print>
<Comment><![CDATA[------------------------- ---loading staging data into final stagnig table -------------------------  set tez.job.name=staging:tms_fuel_master_tmp1 :load target table from tms_fuel_master_tmp;]]></Comment>
<Comment><![CDATA[------------------------- ---loading staging data into target table -------------------------  set tez.job.name=staging:tms_fuel_master :load target table from tms_fuel_master_tmp1;]]></Comment>
</Step>
</SnowBlock>
<SnowBlock id="4">
<Step id="-----------------------_4">
<Sql><![CDATA[INSERT
  OVERWRITE INTO SCCT_DB.TMS_FUEL_MASTER (
    SELECT
      COMPANY_ID,
      INDEX_ID,
      NAME,
      FUEL_INDEX_DESCRIPTION,
      FUEL_TYPE_ID,
      COUNTRY_CD,
      INDEX_CREATED_DTTM,
      INDEX_UPDATED_DTTM,
      RATE_ID,
      RATE,
      FUEL_RATE_CURRENCY_CD,
      EFFECTIVE_DT,
      EXPIRATION_DT,
      RATE_CREATED_DTTM,
      RATE_UPDATED_DTTM,
      RATE_UOM_ABBREVIATION,
      RATE_UOM_DESCRIPTION,
      FUEL_SURCHARGE_ID,
      LOWER_PRICE_LIMIT,
      UPPER_PRICE_LIMIT,
      SURCHARGE_AMOUNT,
      FUEL_SURCHARGE_CURRENCY_CD,
      FUEL_SURCHARGE_ACCESSORIAL_ID,
      SURCHARGE_PERCENT,
      SURCHARGE_CREATED_DTTM,
      SURCHARGE_LAST_UPDATED_DTTM,
      ACCESSORIAL_CD,
      ACCESSORIAL_TYPE,
      DISTANCE_UOM,
      ACCESSORIAL_CODE_DESCRIPTION,
      ACCESSORIAL_LAST_UPDATED_DTTM,
      IS_HAZMAT,
      IS_DEFAULT_FOR_INVOICE,
      IS_FUEL_ACCESSORIAL,
      IS_TAX_ACCESSORIAL,
      IS_ADD_TO_SPOT_CHARGE,
      FUEL_REGIONFROM SCCT_WORK_DB.TMS_FUEL_MASTER_TMP1
  );]]></Sql>
<Condition action="exit" if="ERRORCODE != 0" value="ERRORCODE"/>
</Step>
<Step id="-----------------------_5"><![CDATA[end script]]></Step>
</SnowBlock>
</SnowBlocks>
